date;type;id;title;views
2026-1-1;index;index;Index;1
2026-1-10;index;index;Index;1
2026-1-14;index;index;Index;1
2026-1-14;post;17;Pri homeopatio;1
2026-1-18;post;14;La virgulino;2
2026-1-25;index;index;Index;1
2026-1-27;post;2;La logiko de la starling-ŝava alfabeto;1
2026-1-29;index;index;Index;1
2026-2-5;index;index;Index;1
2026-1-31;page;libroj;Libroj;1
2026-2-23;index;index;Index;1
2026-2-25;post;17;Pri homeopatio;2
2026-2-25;index;index;Index;1
2026-2-26;index;index;Index;3
2026-2-27;index;index;Index;1
2026-3-5;index;index;Index;2
2026-3-6;index;index;Index;1
2026-3-7;index;index;Index;2
2026-3-14;index;index;Index;1
2026-3-16;index;index;Index;2
2026-3-17;index;index;Index;1
2026-3-18;post;18;Scienca Instinkto ĉe beboj;2
2026-3-19;post;18;Scienca Instinkto ĉe beboj;14
2026-3-19;index;index;Index;2
2026-3-19;page;about;Pri mi;1
2026-3-19;page;klavaro;Starlingŝava Klavaro;1
2026-3-20;index;index;Index;12
2026-3-20;post;18;Scienca Instinkto ĉe beboj;10
2026-3-21;post;18;Scienca Instinkto ĉe beboj;4
2026-3-21;index;index;Index;2
2026-3-21;post;12;Antropologo en Marso [Traduko];2
2026-3-21;post;10;Vira memmortigado;1
2026-3-21;post;11;Polena alergio kaj printempa depresio;1
2026-3-21;page;libroj;Libroj;1
2026-3-21;post;16;La vojo de Wasson al Eleŭziso [Traduko];1
2026-3-21;post;17;Pri homeopatio;1
2026-3-21;post;9;Ci(r)kloj;1
2026-3-21;post;14;La virgulino;1
2026-3-21;post;13;Spongoformaj Encefalopatioj;1
2026-3-22;post;1;Jen mia starling-ŝava klavarfasono;2
2026-3-22;post;14;La virgulino;2
2026-3-22;post;18;Scienca Instinkto ĉe beboj;1
2026-3-23;index;index;Index;2
2026-3-23;post;2;La logiko de la starling-ŝava alfabeto;1
2026-3-24;post;18;Scienca Instinkto ĉe beboj;2
2026-3-24;page;libroj;Libroj;1
2026-3-25;page;libroj;Libroj;1
2026-3-26;index;index;Index;1
2026-3-27;page;libroj;Libroj;2
2026-3-27;index;index;Index;1
2026-3-27;page;klavaro;Starlingŝava Klavaro;1
2026-3-27;page;filmoj;Filmoj;1
2026-3-28;index;index;Index;5
2026-3-28;page;libroj;Libroj;1
2026-3-28;post;16;La vojo de Wasson al Eleŭziso [Traduko];1
2026-3-28;post;18;Scienca Instinkto ĉe beboj;1
2026-3-29;index;index;Index;3
2026-3-30;post;18;Scienca Instinkto ĉe beboj;1
2026-3-31;index;index;index;2
2026-4-1;index;index;index;1
2026-4-2;post;5;Kelkaj tagoj antaŭ… (kaj la antaŭaj);5
2026-4-2;page;libroj;Libroj;1
2026-4-3;post;5;Kelkaj tagoj antaŭ… (kaj la antaŭaj);2
2026-4-4;post;18;Scienca Instinkto ĉe beboj;1
2026-4-7;post;18;Scienca Instinkto ĉe beboj;5
2026-4-7;index;index;Index;1
2026-4-7;page;libroj;Libroj;1
2026-4-8;post;19;Morfea manifestiĝo;23
2026-4-8;page;about;Pri mi;2
2026-4-8;page;libroj;Libroj;2
2026-4-8;page;filmoj;Filmoj;1
2026-4-8;page;klavaro;Starlingŝava Klavaro;1
2026-4-8;post;14;La virgulino;1
2026-4-9;post;19;Morfea manifestiĝo;2
2026-4-10;post;19;Morfea manifestiĝo;4
2026-4-10;index;index;Index;1
2026-4-10;post;8;De Contemptu Mundi [Traduko];1
2026-4-11;post;19;Morfea manifestiĝo;6
2026-4-11;index;index;Index;5
2026-4-11;post;3;Ĝi estis estinta;2
2026-4-11;post;1;Jen mia starling-ŝava klavarfasono;1
2026-4-11;post;2;La logiko de la starling-ŝava alfabeto;1
2026-4-11;page;libroj;Libroj;1
2026-4-12;page;klavaro;Starlingŝava Klavaro;2
2026-4-12;post;19;Morfea manifestiĝo;2
2026-4-12;post;1;Jen mia starling-ŝava klavarfasono;2
2026-4-12;post;4;Historio de la ŝava kaj ŝavidaj alfabetoj;1
2026-4-12;post;14;La virgulino;1
2026-4-12;index;index;Index;1
2026-4-13;index;index;Index;1
2026-4-13;post;19;Morfea manifestiĝo;1
2026-4-15;post;19;Morfea manifestiĝo;1
2026-4-17;post;19;Morfea manifestiĝo;1
2026-4-18;index;index;Index;8
2026-4-18;post;17;Pri homeopatio;1
2026-4-18;page;libroj;Libroj;1
2026-4-18;page;about;Pri mi;1
2026-4-18;post;19;Morfea manifestiĝo;1
2026-4-18;page;filmoj;Filmoj;1
2026-4-19;post;3;Ĝi estis estinta;2
2026-4-19;post;1;Jen mia starling-ŝava klavarfasono;2
2026-4-19;index;index;Index;1
2026-4-20;index;index;Index;3
2026-4-20;post;14;La virgulino;1
2026-4-21;index;index;Index;2
2026-4-21;post;19;Morfea manifestiĝo;1
2026-4-23;post;2;La logiko de la starling-ŝava alfabeto;3
2026-4-23;post;3;Ĝi estis estinta;3
2026-4-23;post;5;Kelkaj tagoj antaŭ… (kaj la antaŭaj);2
2026-4-23;post;1;Jen mia starling-ŝava klavarfasono;1
2026-4-23;post;4;Historio de la ŝava kaj ŝavidaj alfabetoj;1
2026-4-23;page;libroj;Libroj;1
2026-4-25;post;5;Kelkaj tagoj antaŭ… (kaj la antaŭaj);1
2026-4-26;post;1;Jen mia starling-ŝava klavarfasono;1
2026-4-26;post;5;Kelkaj tagoj antaŭ… (kaj la antaŭaj);1
2026-4-26;post;17;Pri homeopatio;1
2026-4-27;index;index;Index;2
2026-4-28;index;index;Index;3
2026-4-28;post;19;Morfea manifestiĝo;1
2026-4-29;page;libroj;Libroj;4
2026-4-29;index;index;Index;1
2026-4-29;post;5;Kelkaj tagoj antaŭ… (kaj la antaŭaj);1
2026-4-29;post;6;La unua Bicikla Tago;1
2026-5-1;post;14;La virgulino;3
2026-5-1;post;5;Kelkaj tagoj antaŭ… (kaj la antaŭaj);1
2026-5-5;page;libroj;Libroj;2
2026-5-5;post;18;Scienca Instinkto ĉe beboj;1
2026-5-7;page;libroj;Libroj;2
2026-5-8;post;6;La unua Bicikla Tago;3
2026-5-9;index;index;Index;1
2026-5-10;post;7;Pri kio estas psiĥologia disociado;1
2026-5-10;post;6;La unua Bicikla Tago;1
2026-5-12;post;7;Pri kio estas psiĥologia disociado;3
2026-5-12;post;8;De Contemptu Mundi [Traduko];1
2026-5-15;post;8;De Contemptu Mundi [Traduko];1
2026-5-16;index;index;Index;3
2026-5-16;post;8;De Contemptu Mundi [Traduko];1
2026-5-16;post;9;Ci(r)kloj;1
2026-5-27;index;index;Index;1
2026-5-29;post;9;Ci(r)kloj;1
2026-5-29;post;10;Vira memmortigado;1
2026-6-4;post;10;Vira memmortigado;1
2026-6-10;post;11;Polena alergio kaj printempa depresio;3
2026-6-10;post;10;Vira memmortigado;1
2026-6-11;post;14;La virgulino;1
2026-6-11;page;libroj;Libroj;1
2026-6-12;index;index;Index;1
2026-6-18;post;1;Jen mia starling-ŝava klavarfasono;1
2026-6-22;index;index;Index;2
2026-6-26;page;libroj;Libroj;1
2026-7-3;index;index;Index;4
2026-7-3;post;19;Morfea manifestiĝo;1
